"ME","RMSE","MAE","MPE","MAPE"
-2.79767479757974,76.6552169674558,56.9272495150581,-15.9480728564281,35.9219878035688
